DataHora;Instancia;Algoritmo;Alpha;Iteracoes;Bloco;Semente;Tempo(s);ValorObtido
2026-07-05 21:04:37;b01;Guloso;-;-;-;100000;0.492679;82.000000
2026-07-05 21:04:37;b01;Randomizado_alpha_0.2;0.2;30;-;100000;0.077351;82.000000
2026-07-05 21:04:37;b01;Randomizado_alpha_0.3;0.3;30;-;100000;0.085460;82.000000
2026-07-05 21:04:37;b01;Randomizado_alpha_0.4;0.4;30;-;100000;0.080898;82.000000
2026-07-05 21:04:38;b01;Reativo_0.2_0.3_0.4;-;300;30;100000;0.784383;82.000000
2026-07-05 21:04:38;b01;Guloso;-;-;-;100001;0.516479;82.000000
2026-07-05 21:04:38;b01;Randomizado_alpha_0.2;0.2;30;-;100001;0.077621;82.000000
2026-07-05 21:04:38;b01;Randomizado_alpha_0.3;0.3;30;-;100001;0.078013;82.000000
2026-07-05 21:04:38;b01;Randomizado_alpha_0.4;0.4;30;-;100001;0.075192;82.000000
2026-07-05 21:04:39;b01;Reativo_0.2_0.3_0.4;-;300;30;100001;0.739554;82.000000
2026-07-05 21:04:40;b01;Guloso;-;-;-;100002;0.447135;82.000000
2026-07-05 21:04:40;b01;Randomizado_alpha_0.2;0.2;30;-;100002;0.071121;82.000000
2026-07-05 21:04:40;b01;Randomizado_alpha_0.3;0.3;30;-;100002;0.076459;82.000000
2026-07-05 21:04:40;b01;Randomizado_alpha_0.4;0.4;30;-;100002;0.085760;82.000000
2026-07-05 21:04:41;b01;Reativo_0.2_0.3_0.4;-;300;30;100002;0.756756;82.000000
2026-07-05 21:04:41;b01;Guloso;-;-;-;100003;0.503055;82.000000
2026-07-05 21:04:41;b01;Randomizado_alpha_0.2;0.2;30;-;100003;0.086557;82.000000
2026-07-05 21:04:41;b01;Randomizado_alpha_0.3;0.3;30;-;100003;0.094042;82.000000
2026-07-05 21:04:41;b01;Randomizado_alpha_0.4;0.4;30;-;100003;0.087011;82.000000
2026-07-05 21:04:42;b01;Reativo_0.2_0.3_0.4;-;300;30;100003;0.847448;82.000000
2026-07-05 21:04:43;b01;Guloso;-;-;-;100004;0.593419;82.000000
2026-07-05 21:04:43;b01;Randomizado_alpha_0.2;0.2;30;-;100004;0.093921;82.000000
2026-07-05 21:04:43;b01;Randomizado_alpha_0.3;0.3;30;-;100004;0.093223;82.000000
2026-07-05 21:04:43;b01;Randomizado_alpha_0.4;0.4;30;-;100004;0.094127;82.000000
2026-07-05 21:04:44;b01;Reativo_0.2_0.3_0.4;-;300;30;100004;0.855320;82.000000
2026-07-05 21:04:44;b01;Guloso;-;-;-;100005;0.531910;82.000000
2026-07-05 21:04:45;b01;Randomizado_alpha_0.2;0.2;30;-;100005;0.086708;82.000000
2026-07-05 21:04:45;b01;Randomizado_alpha_0.3;0.3;30;-;100005;0.088084;82.000000
2026-07-05 21:04:45;b01;Randomizado_alpha_0.4;0.4;30;-;100005;0.092377;82.000000
2026-07-05 21:04:46;b01;Reativo_0.2_0.3_0.4;-;300;30;100005;0.919673;82.000000
2026-07-05 21:04:46;b01;Guloso;-;-;-;100006;0.505027;82.000000
2026-07-05 21:04:46;b01;Randomizado_alpha_0.2;0.2;30;-;100006;0.083008;82.000000
2026-07-05 21:04:46;b01;Randomizado_alpha_0.3;0.3;30;-;100006;0.082037;82.000000
2026-07-05 21:04:46;b01;Randomizado_alpha_0.4;0.4;30;-;100006;0.082401;82.000000
2026-07-05 21:04:47;b01;Reativo_0.2_0.3_0.4;-;300;30;100006;0.817632;82.000000
2026-07-05 21:04:48;b01;Guloso;-;-;-;100007;0.496683;82.000000
2026-07-05 21:04:48;b01;Randomizado_alpha_0.2;0.2;30;-;100007;0.081757;82.000000
2026-07-05 21:04:48;b01;Randomizado_alpha_0.3;0.3;30;-;100007;0.085598;82.000000
2026-07-05 21:04:48;b01;Randomizado_alpha_0.4;0.4;30;-;100007;0.080304;82.000000
2026-07-05 21:04:49;b01;Reativo_0.2_0.3_0.4;-;300;30;100007;0.819024;82.000000
2026-07-05 21:04:49;b01;Guloso;-;-;-;100008;0.501216;82.000000
2026-07-05 21:04:49;b01;Randomizado_alpha_0.2;0.2;30;-;100008;0.084302;82.000000
2026-07-05 21:04:49;b01;Randomizado_alpha_0.3;0.3;30;-;100008;0.083319;82.000000
2026-07-05 21:04:50;b01;Randomizado_alpha_0.4;0.4;30;-;100008;0.083343;82.000000
2026-07-05 21:04:50;b01;Reativo_0.2_0.3_0.4;-;300;30;100008;0.816864;82.000000
2026-07-05 21:04:51;b01;Guloso;-;-;-;100009;0.521705;82.000000
2026-07-05 21:04:51;b01;Randomizado_alpha_0.2;0.2;30;-;100009;0.080104;82.000000
2026-07-05 21:04:51;b01;Randomizado_alpha_0.3;0.3;30;-;100009;0.081467;82.000000
2026-07-05 21:04:51;b01;Randomizado_alpha_0.4;0.4;30;-;100009;0.095585;82.000000
2026-07-05 21:04:52;b01;Reativo_0.2_0.3_0.4;-;300;30;100009;0.811518;82.000000
2026-07-05 21:04:53;b03;Guloso;-;-;-;100100;1.471877;139.000000
2026-07-05 21:04:54;b03;Randomizado_alpha_0.2;0.2;30;-;100100;0.137207;139.000000
2026-07-05 21:04:54;b03;Randomizado_alpha_0.3;0.3;30;-;100100;0.139064;139.000000
2026-07-05 21:04:54;b03;Randomizado_alpha_0.4;0.4;30;-;100100;0.144929;139.000000
2026-07-05 21:04:55;b03;Reativo_0.2_0.3_0.4;-;300;30;100100;1.448226;139.000000
2026-07-05 21:04:57;b03;Guloso;-;-;-;100101;1.392792;139.000000
2026-07-05 21:04:57;b03;Randomizado_alpha_0.2;0.2;30;-;100101;0.140419;139.000000
2026-07-05 21:04:57;b03;Randomizado_alpha_0.3;0.3;30;-;100101;0.142963;139.000000
2026-07-05 21:04:57;b03;Randomizado_alpha_0.4;0.4;30;-;100101;0.143685;139.000000
2026-07-05 21:04:59;b03;Reativo_0.2_0.3_0.4;-;300;30;100101;1.439956;139.000000
2026-07-05 21:05:00;b03;Guloso;-;-;-;100102;1.413533;139.000000
2026-07-05 21:05:00;b03;Randomizado_alpha_0.2;0.2;30;-;100102;0.137419;139.000000
2026-07-05 21:05:00;b03;Randomizado_alpha_0.3;0.3;30;-;100102;0.137873;139.000000
2026-07-05 21:05:00;b03;Randomizado_alpha_0.4;0.4;30;-;100102;0.145514;139.000000
2026-07-05 21:05:02;b03;Reativo_0.2_0.3_0.4;-;300;30;100102;1.437138;139.000000
2026-07-05 21:05:03;b03;Guloso;-;-;-;100103;1.391269;139.000000
2026-07-05 21:05:03;b03;Randomizado_alpha_0.2;0.2;30;-;100103;0.135213;139.000000
2026-07-05 21:05:03;b03;Randomizado_alpha_0.3;0.3;30;-;100103;0.139529;139.000000
2026-07-05 21:05:04;b03;Randomizado_alpha_0.4;0.4;30;-;100103;0.143435;139.000000
2026-07-05 21:05:05;b03;Reativo_0.2_0.3_0.4;-;300;30;100103;1.449564;139.000000
2026-07-05 21:05:06;b03;Guloso;-;-;-;100104;1.408274;139.000000
2026-07-05 21:05:07;b03;Randomizado_alpha_0.2;0.2;30;-;100104;0.138240;139.000000
2026-07-05 21:05:07;b03;Randomizado_alpha_0.3;0.3;30;-;100104;0.138403;139.000000
2026-07-05 21:05:07;b03;Randomizado_alpha_0.4;0.4;30;-;100104;0.144794;139.000000
2026-07-05 21:05:08;b03;Reativo_0.2_0.3_0.4;-;300;30;100104;1.455177;139.000000
2026-07-05 21:05:10;b03;Guloso;-;-;-;100105;1.569956;139.000000
2026-07-05 21:05:10;b03;Randomizado_alpha_0.2;0.2;30;-;100105;0.144079;139.000000
2026-07-05 21:05:10;b03;Randomizado_alpha_0.3;0.3;30;-;100105;0.144577;139.000000
2026-07-05 21:05:10;b03;Randomizado_alpha_0.4;0.4;30;-;100105;0.145736;139.000000
2026-07-05 21:05:12;b03;Reativo_0.2_0.3_0.4;-;300;30;100105;1.434314;139.000000
2026-07-05 21:05:13;b03;Guloso;-;-;-;100106;1.391310;139.000000
2026-07-05 21:05:13;b03;Randomizado_alpha_0.2;0.2;30;-;100106;0.139033;139.000000
2026-07-05 21:05:13;b03;Randomizado_alpha_0.3;0.3;30;-;100106;0.139462;139.000000
2026-07-05 21:05:14;b03;Randomizado_alpha_0.4;0.4;30;-;100106;0.144718;139.000000
2026-07-05 21:05:15;b03;Reativo_0.2_0.3_0.4;-;300;30;100106;1.435016;139.000000
2026-07-05 21:05:16;b03;Guloso;-;-;-;100107;1.394091;139.000000
2026-07-05 21:05:17;b03;Randomizado_alpha_0.2;0.2;30;-;100107;0.137147;139.000000
2026-07-05 21:05:17;b03;Randomizado_alpha_0.3;0.3;30;-;100107;0.138676;139.000000
2026-07-05 21:05:17;b03;Randomizado_alpha_0.4;0.4;30;-;100107;0.141822;139.000000
2026-07-05 21:05:18;b03;Reativo_0.2_0.3_0.4;-;300;30;100107;1.497227;139.000000
2026-07-05 21:05:20;b03;Guloso;-;-;-;100108;1.468355;139.000000
2026-07-05 21:05:20;b03;Randomizado_alpha_0.2;0.2;30;-;100108;0.119885;139.000000
2026-07-05 21:05:20;b03;Randomizado_alpha_0.3;0.3;30;-;100108;0.124707;139.000000
2026-07-05 21:05:20;b03;Randomizado_alpha_0.4;0.4;30;-;100108;0.127967;139.000000
2026-07-05 21:05:21;b03;Reativo_0.2_0.3_0.4;-;300;30;100108;1.242024;139.000000
2026-07-05 21:05:23;b03;Guloso;-;-;-;100109;1.230456;139.000000
2026-07-05 21:05:23;b03;Randomizado_alpha_0.2;0.2;30;-;100109;0.121547;139.000000
2026-07-05 21:05:23;b03;Randomizado_alpha_0.3;0.3;30;-;100109;0.123480;139.000000
2026-07-05 21:05:23;b03;Randomizado_alpha_0.4;0.4;30;-;100109;0.125587;139.000000
2026-07-05 21:05:24;b03;Reativo_0.2_0.3_0.4;-;300;30;100109;1.242011;139.000000
2026-07-05 21:05:29;b08;Guloso;-;-;-;100200;4.730434;108.000000
2026-07-05 21:05:29;b08;Randomizado_alpha_0.2;0.2;30;-;100200;0.274967;105.000000
2026-07-05 21:05:30;b08;Randomizado_alpha_0.3;0.3;30;-;100200;0.275394;106.000000
2026-07-05 21:05:30;b08;Randomizado_alpha_0.4;0.4;30;-;100200;0.272077;107.000000
2026-07-05 21:05:32;b08;Reativo_0.2_0.3_0.4;-;300;30;100200;2.626138;107.000000
2026-07-05 21:05:37;b08;Guloso;-;-;-;100201;4.587543;108.000000
2026-07-05 21:05:37;b08;Randomizado_alpha_0.2;0.2;30;-;100201;0.270007;105.000000
2026-07-05 21:05:38;b08;Randomizado_alpha_0.3;0.3;30;-;100201;0.269163;108.000000
2026-07-05 21:05:38;b08;Randomizado_alpha_0.4;0.4;30;-;100201;0.282112;110.000000
2026-07-05 21:05:41;b08;Reativo_0.2_0.3_0.4;-;300;30;100201;2.696256;107.000000
2026-07-05 21:05:46;b08;Guloso;-;-;-;100202;4.994512;108.000000
2026-07-05 21:05:46;b08;Randomizado_alpha_0.2;0.2;30;-;100202;0.267485;105.000000
2026-07-05 21:05:46;b08;Randomizado_alpha_0.3;0.3;30;-;100202;0.270168;106.000000
2026-07-05 21:05:46;b08;Randomizado_alpha_0.4;0.4;30;-;100202;0.279311;109.000000
2026-07-05 21:05:49;b08;Reativo_0.2_0.3_0.4;-;300;30;100202;2.607935;107.000000
2026-07-05 21:05:54;b08;Guloso;-;-;-;100203;4.657852;108.000000
2026-07-05 21:05:54;b08;Randomizado_alpha_0.2;0.2;30;-;100203;0.283996;107.000000
2026-07-05 21:05:54;b08;Randomizado_alpha_0.3;0.3;30;-;100203;0.275472;110.000000
2026-07-05 21:05:54;b08;Randomizado_alpha_0.4;0.4;30;-;100203;0.271170;109.000000
2026-07-05 21:05:57;b08;Reativo_0.2_0.3_0.4;-;300;30;100203;2.659091;107.000000
2026-07-05 21:06:02;b08;Guloso;-;-;-;100204;4.649231;108.000000
2026-07-05 21:06:02;b08;Randomizado_alpha_0.2;0.2;30;-;100204;0.268877;105.000000
2026-07-05 21:06:02;b08;Randomizado_alpha_0.3;0.3;30;-;100204;0.270379;111.000000
2026-07-05 21:06:03;b08;Randomizado_alpha_0.4;0.4;30;-;100204;0.285831;109.000000
2026-07-05 21:06:05;b08;Reativo_0.2_0.3_0.4;-;300;30;100204;2.667804;107.000000
2026-07-05 21:06:10;b08;Guloso;-;-;-;100205;4.934664;108.000000
2026-07-05 21:06:11;b08;Randomizado_alpha_0.2;0.2;30;-;100205;0.277290;105.000000
2026-07-05 21:06:11;b08;Randomizado_alpha_0.3;0.3;30;-;100205;0.275329;105.000000
2026-07-05 21:06:11;b08;Randomizado_alpha_0.4;0.4;30;-;100205;0.272055;111.000000
2026-07-05 21:06:14;b08;Reativo_0.2_0.3_0.4;-;300;30;100205;2.691450;108.000000
2026-07-05 21:06:19;b08;Guloso;-;-;-;100206;5.120938;108.000000
2026-07-05 21:06:19;b08;Randomizado_alpha_0.2;0.2;30;-;100206;0.282187;105.000000
2026-07-05 21:06:19;b08;Randomizado_alpha_0.3;0.3;30;-;100206;0.272353;112.000000
2026-07-05 21:06:20;b08;Randomizado_alpha_0.4;0.4;30;-;100206;0.287970;109.000000
2026-07-05 21:06:22;b08;Reativo_0.2_0.3_0.4;-;300;30;100206;2.718436;108.000000
2026-07-05 21:06:27;b08;Guloso;-;-;-;100207;4.817807;108.000000
2026-07-05 21:06:28;b08;Randomizado_alpha_0.2;0.2;30;-;100207;0.277791;105.000000
2026-07-05 21:06:28;b08;Randomizado_alpha_0.3;0.3;30;-;100207;0.287572;106.000000
2026-07-05 21:06:28;b08;Randomizado_alpha_0.4;0.4;30;-;100207;0.277282;112.000000
2026-07-05 21:06:31;b08;Reativo_0.2_0.3_0.4;-;300;30;100207;2.743476;109.000000
2026-07-05 21:06:36;b08;Guloso;-;-;-;100208;4.756156;108.000000
2026-07-05 21:06:36;b08;Randomizado_alpha_0.2;0.2;30;-;100208;0.281910;105.000000
2026-07-05 21:06:36;b08;Randomizado_alpha_0.3;0.3;30;-;100208;0.284639;109.000000
2026-07-05 21:06:36;b08;Randomizado_alpha_0.4;0.4;30;-;100208;0.282199;109.000000
2026-07-05 21:06:39;b08;Reativo_0.2_0.3_0.4;-;300;30;100208;2.729221;107.000000
2026-07-05 21:06:44;b08;Guloso;-;-;-;100209;4.799777;108.000000
2026-07-05 21:06:44;b08;Randomizado_alpha_0.2;0.2;30;-;100209;0.287331;105.000000
2026-07-05 21:06:45;b08;Randomizado_alpha_0.3;0.3;30;-;100209;0.276461;106.000000
2026-07-05 21:06:45;b08;Randomizado_alpha_0.4;0.4;30;-;100209;0.288506;108.000000
2026-07-05 21:06:48;b08;Reativo_0.2_0.3_0.4;-;300;30;100209;2.718952;107.000000
